evaluation,queries,positive_rate,roc_auc,average_precision,balanced_accuracy,precision,recall,f1,rerank_rate,mean_delta_always_rerank,mean_delta_classifier,mean_delta_oracle,gain_retention_vs_always,reranker_calls_saved_ratio,captured_positive_gain_ratio,harmful_queries_avoided_ratio
stratified_5_fold,673,0.28083209509658247,0.7144824872097599,0.46138932480373074,0.6370031483667847,0.4119718309859155,0.6190476190476191,0.49471458773784355,0.42199108469539376,0.02523428825685411,0.018723443244927373,0.0605028065047278,0.7419842023815247,0.5780089153046062,0.6240876943910775,0.4263565891472868
leave_one_dataset_out,673,0.28083209509658247,0.4739931785386331,0.2537959669319689,0.5260341510341511,0.29545454545454547,0.7566137566137566,0.424962852897474,0.7191679049034175,0.02523428825685411,0.024267218021330528,0.0605028065047278,0.9616763419011468,0.28083209509658247,0.8038438707800585,0.35658914728682173
