dataset,pipeline,nDCG@10,MRR@10,Recall@10,MAP@10,avg_time_sec,total_time_sec,num_queries,nDCG@5,MRR@5,Recall@5,MAP@5,nDCG@20,MRR@20,Recall@20,MAP@20
NF-Corpus,RRF BM25 + BGE,0.31771059015818054,0.5459826035677429,0.14811775459456925,0.22728193031598606,0.0,0.0,323,0.3549467579728998,0.540608875128999,0.12292448476952389,0.28559167526659784,0.2914265110765908,0.5476970094134306,0.17834907367116123,0.18676200749797772
SciFact,RRF BM25 + BGE,0.6937523577022127,0.6593359788359788,0.8207777777777777,0.6468174603174603,0.0,0.0,300,0.676209403583719,0.6536111111111111,0.7695555555555555,0.6384722222222222,0.6993629371141192,0.6604850163453105,0.8396111111111111,0.6489826148796737
TREC-COVID,RRF BM25 + BGE,0.6693209941109087,0.9256666666666666,0.017416988878737567,0.6296,0.0,0.0,50,0.7264658068608564,0.9256666666666666,0.009712608644919877,0.7263333333333334,0.6046543794817194,0.9256666666666666,0.03044698165587688,0.5379034442037152
