dataset,avg_top10_overlap,avg_top10_overlap_ratio
NF-Corpus,3.8544891640866874,0.38544891640866874
SciFact,4.733333333333333,0.47333333333333333
TREC-COVID,2.22,0.222
